663,485,28,31,485,407,815,766,16,988,853,169,314,876,724,177,594,22,914,359,847,723,141,245,479,337,792,550,328,263,810,693,670,746,344,793,805,892,217,956,257,666,401,631,751,482,956,650,554,260,820,514,269,96,756,155,719,224,953,500,419,56,640,813,213,765,831,309,688,641,626,974,391,960,58,147,556,466,998,965,67,587,877,950,107,521,29,195,976,682,828,10,819,205,409,558,33,880,673,919,814,725,842,543,736,684,756,282,370,61,680,283,928,214,448,246,911,355,831,491,271,708,644,732,701,404,348,692
117,245,471,150,7,286,767,375,256,714,308,516,297,643,890,222,775,249,538,3,110,928,858,71,0,269,711,321,591,934,397,583,610,835,235,815,735,840,728,274,700,951,364,823,417,886,969,406,808,849,894,922,247,326,967,610,690,700,384,630,378,289,675,338,528,596,419,534,724,621,997,990,697,147,605,733,138,510,903,680,715,783,659,976,726,306,880,74,182,464,390,677,807,491,44,940,630,494,266,46,272,990,812,695,292,681,887,903,628,857,270,470,632,393,994,343,832,637,100,816,295,395,607,640,761,63,674,286
752,634,883,935,547,46,247,807,268,252,429,569,740,280,564,978,707,635,912,597,279,539,972,237,908,674,480,64,571,230,527,550,604,439,235,25,457,37,737,899,409,784,884,937,350,26,959,974,529,466,958,278,990,364,480,957,675,351,899,519,613,983,522,392,753,309,999,405,370,7,435,286,608,177,231,877,55,781,385,435,671,959,14,243,948,65,495,837,201,184,564,827,936,659,738,182,516,963,298,584,807,64,153,563,531,357,487,68,378,503,348,350,899,149,867,38,267,136,488,16,58,258,316,254,135,342,36,775
284,321,123,881,600,509,884,780,282,285,969,277,336,82,991,74,425,895,613,830,255,32,614,430,515,879,771,520,495,891,795,258,95,271,523,662,221,50,676,26,595,168,290,443,539,191,748,249,434,997,617,543,270,761,932,877,72,325,774,566,908,543,449,271,900,763,676,971,82,286,173,815,87,934,500,134,705,500,229,404,295,792,673,197,969,887,733,957,458,216,998,939,385,3,390,880,52,771,157,310,870,295,752,917,334,558,98,538,804,901,622,635,996,701,791,559,566,107,618,442,829,43,172,979,602,371,783,808
678,585,383,754,128,175,935,947,112,210,952,485,886,867,878,84,766,334,528,310,656,71,559,423,208,73,929,650,345,701,338,287,396,405,745,796,530,144,43,965,835,107,551,449,908,26,100,790,372,877,497,883,329,195,326,736,867,739,931,306,383,433,37,952,713,56,672,809,468,113,840,558,924,822,595,127,227,797,309,196,230,77,480,367,956,143,326,586,339,64,641,861,896,354,347,433,241,563,472,368,852,461,464,561,97,617,164,893,892,823,746,696,643,346,630,557,352,377,742,533,747,513,587,251,633,463,983,372
347,773,75,83,934,686,392,390,279,350,576,789,856,324,110,557,722,976,102,136,32,841,381,422,850,594,785,102,636,483,152,846,471,384,188,809,966,672,355,477,245,130,394,192,487,621,914,36,806,744,283,9,33,677,952,676,587,435,682,294,215,864,231,414,787,850,688,713,522,701,938,412,108,628,181,679,628,834,213,796,882,980,84,6,257,283,975,192,976,793,159,141,64,379,57,593,790,66,317,529,309,339,742,669,262,140,40,797,587,349,823,489,558,132,888,275,879,550,463,161,377,759,687,331,104,309,42,829
351,622,304,449,590,135,553,590,380,714,491,754,219,142,538,72,143,196,823,230,926,605,265,420,458,937,108,802,822,266,770,130,636,100,350,131,848,421,372,463,882,7,234,754,58,332,747,866,775,27,750,506,443,390,815,567,626,350,768,246,414,607,776,276,231,846,820,967,661,743,651,356,933,355,767,586,292,828,483,252,643,292,926,968,190,229,677,187,838,955,729,3,173,910,418,505,716,865,293,765,278,547,211,548,415,620,691,562,838,154,583,348,592,893,762,129,600,598,830,583,426,696,769,486,110,27,100,102
961,103,279,787,850,499,904,476,21,433,232,269,396,199,708,750,217,341,993,366,526,39,579,829,225,564,460,690,611,778,16,72,716,647,921,909,396,600,168,285,944,935,575,647,500,57,128,336,551,87,869,679,266,979,694,419,793,356,303,758,554,357,148,191,193,492,238,633,172,661,698,820,393,456,8,931,249,742,171,945,492,114,739,603,510,353,118,640,546,523,599,20,51,785,868,68,458,536,415,150,239,650,674,10,66,816,180,303,798,121,44,157,616,518,633,422,947,225,732,756,956,902,81,366,219,43,963,346
818,631,929,744,957,171,828,852,764,897,273,627,824,663,665,200,810,440,410,653,36,696,497,6,940,725,643,467,425,817,951,18,120,201,36,115,748,223,804,974,464,298,347,707,331,429,546,281,830,400,944,536,576,25,631,23,469,830,660,302,89,215,238,597,698,172,200,351,62,462,630,9,718,177,35,25,197,374,510,548,751,872,494,881,792,345,213,14,899,803,126,171,111,632,81,369,807,220,425,476,586,156,667,63,901,751,210,433,239,403,35,48,151,216,558,435,599,101,451,856,355,716,439,729,241,575,785,832
729,223,23,751,814,346,25,693,436,585,903,835,670,42,762,469,498,736,915,550,302,248,493,940,459,157,8,464,353,334,761,415,436,128,185,335,444,368,923,232,991,396,21,395,892,309,781,863,965,71,338,106,841,821,262,902,248,884,177,17,719,666,447,652,110,610,308,167,215,591,979,230,637,27,756,323,709,801,807,699,802,803,212,684,638,664,955,502,666,644,611,328,192,250,591,285,18,511,23,249,260,432,198,330,68,376,711,764,83,833,773,850,85,240,411,871,507,56,446,831,398,366,976,351,813,217,280,567
651,30,651,881,84,641,733,540,147,438,639,513,396,744,750,250,869,778,938,131,823,31,536,969,234,656,689,501,113,174,704,712,43,616,612,492,783,4,121,844,463,205,581,151,147,503,886,540,628,130,825,798,0,955,764,254,774,88,680,285,456,662,705,344,116,88,809,973,919,29,776,265,988,687,438,621,551,161,156,689,431,196,697,671,823,87,57,816,818,11,317,565,763,508,183,880,427,46,879,839,424,194,555,190,642,169,351,289,282,502,440,648,947,53,841,239,70,363,271,692,269,797,265,222,715,828,536,386
675,568,249,606,635,280,405,107,254,695,810,181,387,944,299,694,230,706,880,860,199,861,134,843,435,875,554,14,896,819,799,762,200,640,665,160,871,6,557,232,194,577,870,682,334,472,357,35,755,130,855,641,426,460,802,382,224,475,165,953,996,353,804,725,203,753,478,998,989,560,309,102,466,726,912,349,847,621,380,928,117,857,802,234,398,293,808,942,478,322,915,222,676,408,597,744,123,293,38,506,510,776,146,161,7,820,169,303,748,74,4,412,668,936,315,622,886,858,0,990,875,209,466,684,103,595,362,251
484,943,962,826,102,192,479,623,166,949,450,974,64,538,522,406,298,150,654,620,99,849,935,344,745,962,358,43,11,3,820,143,777,790,569,874,818,654,693,35,931,627,452,17,483,760,812,89,532,219,487,379,311,609,975,76,760,413,797,494,158,767,312,290,557,384,669,27,53,177,835,919,579,501,524,673,490,740,796,275,136,286,597,940,662,636,855,430,510,109,144,650,346,588,305,671,978,884,381,152,825,997,496,671,135,809,896,210,922,701,21,593,601,860,478,724,258,471,469,265,273,666,726,628,374,61,815,690
844,369,562,564,340,810,139,103,583,99,459,996,249,502,863,601,346,142,485,889,259,690,784,68,526,283,943,520,77,657,105,475,192,937,731,589,452,280,343,797,632,906,997,496,68,135,578,582,562,116,377,502,284,579,217,526,169,760,935,405,506,598,986,33,240,519,230,448,327,969,46,589,489,214,25,492,911,507,45,185,608,970,81,264,354,382,868,48,869,278,897,610,757,603,525,360,502,742,858,916,363,676,783,911,448,101,361,440,811,238,286,721,868,61,406,427,13,796,303,754,870,95,723,391,569,446,713,164
172,686,815,115,233,614,490,176,299,526,176,486,162,510,598,155,487,356,168,162,874,563,10,450,897,834,18,588,62,619,310,179,44,805,65,860,69,251,616,748,460,84,683,686,46,574,823,128,374,903,240,770,239,939,760,384,997,870,209,683,998,411,903,356,417,740,755,994,216,188,397,676,621,363,243,764,898,79,402,477,841,743,554,739,345,887,119,837,269,84,285,807,105,37,660,583,536,987,91,764,582,569,915,506,479,77,607,172,598,145,942,727,904,762,4,149,314,731,705,729,707,254,797,545,504,67,136,553
161,389,410,982,254,792,820,455,988,848,765,223,570,255,307,559,281,842,584,454,410,190,858,256,583,825,644,672,722,219,155,643,338,589,70,493,312,367,253,509,471,755,627,454,345,475,814,640,329,796,551,771,558,481,43,744,503,581,161,756,519,447,470,356,309,51,801,367,391,613,802,29,916,496,404,79,388,23,535,7,868,855,215,429,876,277,285,90,192,87,216,680,452,568,95,408,759,619,546,290,20,615,789,66,386,260,660,538,405,746,938,53,22,883,67,450,550,625,170,775,989,732,498,765,311,29,95,420
209,526,998,70,929,104,12,257,619,48,766,581,630,275,462,791,659,47,344,941,846,721,161,371,590,147,130,138,761,104,58,758,373,616,445,654,391,537,952,571,149,517,335,461,107,918,231,83,725,737,592,803,714,844,796,988,802,788,405,240,471,862,640,185,914,863,319,143,428,904,735,841,9,936,11,475,159,686,112,837,575,293,138,940,314,769,153,225,27,511,9,288,17,87,540,733,895,330,716,17,782,250,752,538,170,160,437,600,93,464,735,343,649,896,644,872,334,964,9,264,515,32,506,187,99,539,666,534
480,731,500,196,541,295,944,836,577,966,202,262,104,663,612,336,246,694,562,226,237,19,752,203,239,352,398,174,456,539,783,805,962,952,467,690,989,350,211,935,42,352,77,518,25,293,658,488,637,320,676,223,399,115,556,298,168,463,341,2,517,378,29,798,429,12,965,397,583,637,18,213,993,725,451,734,966,702,881,579,958,503,872,429,79,816,651,220,364,182,903,878,162,379,611,525,295,846,549,648,165,283,704,431,479,925,11,838,114,40,504,782,541,274,99,230,136,690,622,379,728,270,443,890,413,537,532,711
708,878,680,314,341,718,38,593,505,909,117,926,290,943,490,63,106,664,687,731,191,118,450,529,271,107,99,11,235,612,905,912,289,209,749,231,777,410,423,589,13,613,510,158,366,232,738,244,53,560,434,741,135,739,841,967,769,443,706,754,453,848,688,303,150,813,871,613,49,665,613,566,861,82,695,812,576,936,664,614,253,165,793,42,38,329,549,666,281,806,570,570,558,479,538,512,901,848,648,992,812,11,927,826,333,159,800,672,832,593,15,585,825,218,866,53,268,959,935,811,8,66,727,377,583,507,842,170
450,638,882,340,298,561,511,475,987,957,864,149,85,385,356,700,309,168,560,216,546,352,755,767,164,668,560,520,151,12,742,536,133,427,679,664,355,435,953,584,801,307,898,169,130,955,133,681,290,862,685,868,958,586,582,930,251,871,858,430,165,840,810,817,440,510,297,932,64,727,114,814,890,948,245,52,814,995,524,195,23,516,663,22,387,965,79,608,648,217,811,680,187,392,82,639,718,429,415,420,742,401,927,859,399,140,136,114,182,102,995,93,966,107,767,266,160,26,950,370,903,423,652,241,585,125,110,742
581,938,941,531,160,957,78,429,487,756,66,710,507,377,708,840,354,45,855,509,493,629,849,585,460,363,456,253,689,70,16,749,613,616,383,734,600,122,380,736,750,93,742,54,576,964,446,657,717,189,338,13,310,102,57,281,535,624,571,910,49,182,832,221,643,830,562,349,384,789,388,203,228,991,780,475,214,504,399,546,972,472,928,446,977,579,702,156,188,69,643,890,513,212,736,302,511,685,606,693,203,90,120,110,334,36,663,782,298,376,807,125,324,411,278,630,415,417,264,892,178,411,358,191,621,874,427,249
754,976,932,798,730,789,353,666,30,817,208,325,842,366,105,959,617,954,815,189,460,648,221,884,697,690,67,851,352,320,834,843,339,743,143,514,401,736,762,131,963,452,263,729,13,475,131,838,591,938,839,433,884,944,901,772,833,591,800,128,281,845,356,636,604,814,164,763,722,984,169,929,975,801,966,74,22,660,246,694,556,143,931,541,150,362,47,111,109,151,676,254,101,785,609,274,310,768,287,513,27,349,576,859,475,585,784,607,825,216,525,236,787,269,167,433,431,569,180,186,516,217,11,966,498,399,481,458
375,298,432,432,264,895,199,883,989,114,444,172,59,204,8,562,571,738,5,826,422,383,898,316,838,810,501,971,301,740,803,8,825,725,514,919,638,141,92,85,69,837,415,363,114,619,704,717,343,71,367,412,922,357,0,688,776,347,581,582,450,30,764,955,344,476,861,355,557,129,612,954,31,234,980,425,757,585,422,229,166,395,922,610,674,261,279,467,741,511,533,677,942,685,729,278,659,749,915,173,416,820,394,584,514,488,575,828,195,318,856,734,629,282,811,516,926,950,393,136,695,396,410,483,962,230,775,201
13,70,491,599,145,258,645,762,446,460,802,68,168,339,883,529,449,754,626,562,666,26,767,380,365,297,574,894,946,99,463,748,969,522,910,983,202,702,968,677,80,64,320,830,128,69,7,465,514,167,854,136,54,47,0,996,925,437,272,332,755,309,562,843,124,52,357,537,464,882,638,202,721,461,152,320,146,624,953,11,463,402,493,561,835,532,307,233,630,23,362,145,675,611,175,510,187,62,283,657,858,87,838,137,372,459,411,258,516,582,238,434,872,683,492,389,656,853,181,243,129,899,952,37,457,584,409,462
384,290,351,65,504,92,183,199,403,874,589,318,906,456,333,396,446,186,934,287,6,344,4,596,382,905,370,298,939,499,387,584,654,684,751,52,648,169,221,50,866,700,488,475,62,937,854,93,538,435,518,823,336,248,685,185,763,675,721,840,0,984,526,879,787,776,907,241,829,82,467,637,324,374,509,893,426,804,16,406,549,437,636,597,507,152,867,135,469,849,730,446,570,330,123,648,756,770,235,297,4,386,986,277,731,761,341,263,785,772,707,915,450,874,103,530,865,144,737,540,651,733,791,682,617,825,190,25
916,904,140,546,874,706,839,623,30,785,356,728,438,455,648,617,355,941,503,698,79,272,647,448,62,1,197,10,35,528,42,276,352,197,730,874,367,284,889,13,380,921,62,66,377,542,418,595,303,425,315,715,145,718,63,496,190,762,971,151,351,316,437,286,785,953,831,794,764,575,764,810,546,40,906,765,129,998,830,717,979,770,789,832,543,512,257,980,162,238,984,302,623,953,923,658,449,695,443,179,650,901,491,831,967,608,163,535,433,600,199,773,774,83,143,841,202,512,22,108,542,699,74,128,966,382,775,889
704,690,263,109,623,450,830,466,626,624,249,331,660,821,928,761,959,498,61,151,372,658,627,399,168,575,152,723,843,338,511,220,526,619,912,852,692,179,618,961,771,532,246,445,22,3,25,892,531,930,776,746,36,994,604,339,264,134,995,833,192,524,990,24,209,452,226,760,177,14,926,701,248,88,692,310,840,172,247,741,415,114,421,348,466,872,599,781,550,913,591,696,684,587,45,31,514,315,872,936,322,543,792,548,116,291,95,290,281,439,441,901,543,369,214,749,751,290,55,497,306,261,822,988,737,436,438,49
568,20,771,223,578,229,46,524,360,610,116,721,425,380,682,106,0,238,956,735,276,576,221,986,61,630,41,753,294,201,569,926,47,353,986,523,391,973,749,267,551,861,753,173,266,105,733,384,566,993,291,119,128,701,875,782,19,156,37,921,988,699,414,611,840,690,314,281,279,318,446,236,468,264,241,380,975,814,578,660,975,848,602,913,313,505,895,534,27,618,59,388,338,697,858,994,811,398,26,294,699,550,87,497,567,168,685,69,910,331,473,423,543,983,720,248,399,252,841,136,111,18,207,488,235,989,82,229
6,750,848,299,474,408,922,100,913,819,190,903,951,324,831,909,326,633,371,872,173,195,178,410,416,686,617,960,344,993,344,418,906,620,746,755,764,957,206,720,263,187,256,679,847,66,994,55,783,128,463,100,441,967,316,500,105,315,482,68,832,147,296,892,486,927,480,921,119,699,968,225,643,947,457,119,73,620,248,163,250,741,881,401,373,153,916,615,672,158,337,750,264,28,34,196,101,460,646,741,805,505,183,245,311,277,19,633,413,341,321,867,770,785,635,188,228,443,880,794,21,230,907,479,40,920,821,787
9,606,716,82,426,190,738,278,187,359,758,812,106,68,993,692,143,37,51,868,103,656,757,91,402,900,745,252,170,501,35,54,264,800,237,907,611,182,709,523,294,298,791,550,862,279,162,325,237,750,317,446,186,430,152,272,131,872,58,802,868,475,497,60,416,36,870,793,375,617,260,845,790,154,278,852,528,984,672,576,386,702,184,419,388,640,271,458,464,349,508,804,18,531,175,344,430,585,534,759,617,802,573,958,987,174,828,120,891,351,705,912,303,75,868,972,23,92,943,198,172,853,254,632,352,519,268,665
285,112,547,498,836,152,502,542,352,235,761,483,262,475,548,197,347,966,329,424,986,395,945,618,183,171,382,193,422,713,695,418,554,282,982,218,311,268,355,670,843,253,505,888,632,437,320,106,522,790,112,135,174,184,139,26,447,167,343,454,410,704,372,204,700,560,318,491,59,422,155,347,569,982,345,360,490,245,105,187,314,744,499,234,547,334,2,469,692,176,312,448,311,807,188,417,441,241,91,14,503,132,395,263,521,75,746,210,712,565,715,684,45,973,302,220,47,791,290,353,0,340,942,343,460,111,765,750
848,996,857,114,151,297,838,375,763,62,701,63,922,898,358,634,637,715,155,465,606,309,863,237,331,690,115,654,119,483,772,44,954,616,908,402,325,388,62,232,130,391,563,942,785,99,982,881,350,566,583,334,382,74,938,619,997,75,698,303,952,892,552,664,45,17,599,132,319,843,487,662,310,512,586,169,992,35,633,571,576,99,464,88,326,329,141,369,368,526,889,157,38,974,283,691,59,784,664,297,429,627,697,16,773,200,580,994,9,462,994,480,595,563,296,490,928,1,161,265,550,720,506,397,272,723,749,392
708,930,884,879,460,393,131,482,480,867,892,266,479,701,978,623,57,809,225,735,975,428,137,130,58,565,656,329,488,763,976,219,947,268,860,242,534,132,883,72,172,625,526,777,974,140,836,448,489,393,752,350,869,549,507,500,511,590,565,443,571,537,182,226,573,109,998,629,452,232,592,934,493,650,467,308,740,77,130,519,712,113,76,32,544,491,505,362,838,486,495,335,516,944,56,448,593,506,233,677,488,467,126,258,338,650,489,507,820,524,991,751,17,280,974,266,469,386,966,2,611,518,936,636,670,982,769,480
631,446,88,519,163,104,537,447,95,143,987,339,648,673,504,734,813,300,494,840,561,612,401,789,968,125,864,806,17,91,635,368,178,122,106,209,651,55,707,61,312,151,861,666,729,268,947,675,400,405,674,584,32,840,896,336,623,254,798,338,998,560,386,49,634,944,956,578,370,287,282,970,685,668,24,157,599,673,148,247,25,120,796,936,83,110,759,906,727,330,911,538,957,632,580,997,421,610,727,711,41,421,20,672,699,165,227,659,617,948,765,361,26,253,153,510,189,892,820,984,557,890,724,14,305,442,364,524
330,125,242,103,81,190,167,1,225,997,721,965,656,845,869,990,310,596,842,197,578,785,323,980,269,343,600,454,763,562,254,96,688,176,532,60,391,378,316,374,543,517,405,872,338,313,120,790,434,53,999,929,282,130,579,360,147,950,225,331,496,976,16,213,910,497,93,57,227,831,225,497,568,219,751,830,557,507,600,679,401,239,82,411,893,711,253,373,805,850,487,963,521,476,706,296,933,431,639,549,2,468,101,788,405,164,668,261,556,830,637,600,581,773,633,617,561,320,836,90,671,577,797,858,18,468,143,236
670,804,433,871,642,810,255,945,491,809,797,825,869,501,515,711,905,536,473,271,4,312,9,665,958,241,866,180,496,841,283,488,980,551,601,179,533,707,939,764,775,361,931,492,706,655,916,568,820,351,132,732,587,534,975,374,701,869,911,528,555,0,36,0,546,381,481,674,614,537,178,633,676,74,211,879,796,360,90,760,531,605,885,91,230,74,574,553,745,671,43,492,866,548,736,886,173,581,421,762,206,810,986,355,535,907,233,216,429,489,91,692,390,520,330,550,418,831,758,94,710,462,351,980,290,471,785,647
560,505,907,506,652,141,711,450,486,187,626,622,115,989,818,106,600,672,202,469,955,316,349,956,779,53,594,93,882,701,794,858,203,743,33,251,767,765,142,481,828,875,218,146,87,176,839,430,776,30,957,658,501,854,660,161,739,423,37,964,266,308,588,842,343,826,198,645,959,340,604,933,132,156,824,109,653,332,411,910,159,83,855,683,513,764,16,550,42,876,452,933,888,507,876,677,461,285,803,409,991,803,597,177,848,467,70,66,299,944,41,656,986,95,301,512,722,524,421,66,661,738,994,376,489,94,792,984
839,551,268,833,602,166,881,629,925,372,934,924,255,895,914,471,685,953,42,620,794,837,651,350,689,322,295,654,920,109,153,933,919,811,534,499,871,645,887,927,243,952,849,71,642,97,847,880,39,906,412,569,539,717,339,605,96,735,46,942,362,590,838,544,74,160,948,483,809,474,216,325,850,989,230,8,851,389,145,135,620,942,406,166,42,61,927,411,298,693,543,519,143,882,228,669,799,845,933,20,928,949,219,644,808,641,181,111,826,719,623,416,535,359,752,756,57,65,416,129,333,388,961,728,374,819,970,320
109,230,15,310,247,385,968,378,718,164,406,965,987,950,365,646,56,636,169,134,254,36,515,50,916,475,744,434,396,619,816,223,808,817,186,405,263,361,4,681,877,626,656,67,561,357,300,273,150,468,589,265,423,786,966,282,676,57,949,652,936,118,242,58,581,182,513,676,651,261,919,536,764,313,670,180,237,723,118,632,847,331,497,215,541,403,661,631,832,871,663,928,111,983,123,290,470,915,119,135,985,142,752,27,423,895,354,267,195,10,252,304,874,397,823,328,531,913,569,660,234,334,431,262,757,811,371,940
49,716,991,600,216,373,287,854,539,513,872,886,332,416,943,194,51,916,179,134,652,67,286,946,369,109,648,638,834,780,910,628,485,964,339,996,392,788,121,113,193,909,807,361,3,705,132,101,768,508,480,675,518,411,962,657,889,90,28,437,972,673,103,228,289,959,805,695,609,64,869,813,725,416,378,826,912,437,827,120,50,108,457,140,413,945,512,424,470,497,213,434,766,430,521,928,242,317,432,325,983,193,997,670,54,984,619,232,106,307,646,11,388,887,678,491,775,585,348,959,849,580,724,127,114,215,978,873
66,474,169,738,957,883,883,459,626,971,407,148,3,754,54,626,777,756,721,742,687,713,968,300,304,98,840,908,511,165,530,204,94,532,753,927,13,490,925,835,202,914,41,721,944,314,814,408,698,627,983,620,368,458,968,672,789,773,829,189,934,112,264,874,162,737,174,263,602,355,735,388,815,14,499,939,840,756,278,778,828,93,917,383,850,469,276,41,7,530,568,448,279,643,540,230,119,29,751,373,185,652,466,125,285,134,265,620,898,813,990,224,504,809,724,358,123,925,782,923,252,981,732,908,298,989,160,907
568,17,302,799,952,357,394,907,626,851,181,651,64,725,255,606,516,666,846,780,201,57,786,470,25,197,174,383,530,989,487,187,565,528,747,767,815,901,707,888,438,448,265,302,550,784,647,46,598,925,686,446,770,679,3,93,77,772,22,792,311,9,32,114,639,572,32,387,497,416,157,3,187,493,22,296,105,232,292,872,904,571,246,146,193,677,662,441,551,86,86,8,125,582,752,913,326,252,152,636,207,564,330,962,990,398,329,712,548,923,314,266,126,98,66,311,177,513,325,990,702,482,710,740,564,51,284,990
78,116,467,596,764,148,560,912,237,306,513,449,916,134,946,625,99,822,928,545,83,572,326,29,591,732,976,70,804,102,898,624,139,753,23,145,317,920,984,302,310,970,40,711,476,390,459,502,576,976,967,54,488,809,446,311,989,171,38,986,136,694,948,204,410,39,191,126,649,688,436,803,571,136,720,730,997,759,820,591,802,215,887,250,293,475,581,221,715,94,617,574,716,796,261,650,856,547,145,103,658,207,198,480,983,183,812,896,78,981,284,447,301,413,281,766,672,777,704,231,155,279,292,734,843,592,213,936
868,852,52,990,784,562,740,85,396,130,108,481,686,320,352,216,433,296,296,88,289,626,873,708,970,984,30,264,889,586,337,807,164,291,867,629,606,410,317,127,931,340,485,865,756,840,830,40,350,584,812,640,842,148,998,631,830,766,966,187,292,121,301,337,764,615,404,541,210,427,443,206,351,374,608,339,651,78,534,864,40,196,42,648,430,266,189,370,297,559,248,585,853,846,734,972,953,299,352,388,666,981,673,931,486,594,334,775,532,760,55,803,161,201,317,222,490,671,689,143,737,830,354,913,45,482,44,997
413,405,621,754,898,565,720,205,130,59,952,421,505,73,785,877,780,861,939,384,127,771,892,19,274,709,573,201,755,941,637,321,709,841,334,784,471,740,494,672,748,293,415,577,477,645,248,811,610,614,260,246,828,605,486,684,750,736,648,883,234,852,246,470,371,722,628,359,767,132,626,917,381,942,252,796,306,685,187,988,902,754,827,285,95,381,207,124,946,609,987,558,276,768,833,646,75,289,107,148,703,657,492,139,52,565,983,345,556,586,161,709,35,390,405,809,243,620,898,582,415,960,433,978,470,451,248,476
883,867,131,560,793,799,375,514,291,164,871,657,988,401,302,201,221,794,307,196,848,467,616,572,375,605,201,494,533,516,138,384,865,352,649,698,563,411,362,959,869,610,65,838,697,99,764,922,298,356,774,201,397,466,687,241,71,127,44,627,935,15,918,886,317,418,325,532,78,954,816,274,679,735,521,506,471,982,284,849,660,819,656,350,41,864,16,424,600,480,578,151,464,119,721,927,20,849,850,200,252,905,982,997,524,274,231,327,100,397,671,423,674,357,514,409,706,198,284,579,45,482,403,373,365,326,300,407
35,959,165,268,865,469,73,931,154,860,648,554,714,79,716,775,365,926,142,728,947,643,581,560,346,589,762,63,991,326,995,776,208,395,493,620,56,154,60,607,936,354,901,772,998,727,452,927,237,733,231,459,579,112,917,318,128,722,977,5,609,177,729,379,991,48,641,498,132,867,511,137,267,576,582,264,963,150,327,707,488,814,321,496,447,86,322,113,516,227,595,938,97,589,436,956,991,954,44,515,468,931,274,186,23,872,346,373,776,619,723,394,549,293,838,29,210,467,475,227,300,92,604,702,933,980,491,527
971,155,298,470,53,944,636,350,340,190,532,414,951,520,518,363,56,420,398,23,103,121,280,751,887,948,797,931,962,275,535,749,56,889,127,864,690,851,954,830,198,274,385,496,695,543,553,26,377,466,750,587,731,82,172,475,127,154,752,193,981,522,535,896,277,20,184,235,701,83,244,436,21,880,316,912,99,554,84,115,104,435,503,817,744,940,844,894,802,123,305,879,298,209,591,322,753,266,166,558,235,168,681,992,797,429,731,149,272,370,799,884,619,532,329,357,255,699,635,397,622,386,205,910,879,335,190,973
605,689,268,753,6,444,49,887,569,281,424,949,954,349,489,705,356,843,241,760,97,832,680,921,59,140,470,519,934,863,322,355,260,173,471,621,361,866,869,73,41,951,590,813,887,454,791,938,714,770,921,578,301,442,21,471,790,118,386,26,892,5,566,809,511,569,279,199,128,712,508,209,249,814,322,752,895,320,192,622,322,426,71,138,716,551,437,715,367,479,384,302,163,973,215,398,825,462,45,376,801,807,466,671,894,148,60,765,412,865,40,769,677,822,478,495,188,281,973,327,731,36,26,332,998,636,969,696
677,583,202,705,859,633,326,16,975,503,291,402,677,652,30,240,774,15,124,549,796,998,541,407,487,771,266,181,999,199,261,253,70,492,161,419,255,200,923,683,441,921,645,291,795,285,212,438,98,193,950,889,318,909,669,292,514,529,607,330,81,467,585,218,381,738,424,863,93,551,189,429,873,257,674,179,313,317,307,709,339,256,481,828,188,97,255,263,260,369,801,179,380,263,703,401,933,127,806,350,289,238,131,695,464,626,986,329,529,848,89,530,830,290,605,975,319,589,237,920,37,616,818,179,500,334,705,346
653,179,244,720,799,197,352,941,848,141,953,883,294,255,262,340,791,135,919,55,675,863,577,69,417,58,610,230,35,400,531,581,134,435,130,794,903,983,883,149,714,599,291,879,654,138,838,799,896,771,782,165,676,934,799,17,197,202,934,398,810,587,925,41,883,427,935,141,30,820,136,7,335,821,762,363,600,567,787,618,562,877,362,541,329,392,66,765,962,807,101,14,895,210,794,257,427,350,297,711,742,8,298,806,86,862,702,909,908,740,691,591,68,923,779,292,477,444,595,771,381,80,835,582,293,413,822,272
253,292,425,615,656,984,109,234,612,427,520,710,377,111,50,811,133,830,265,199,557,497,582,383,196,656,932,682,703,256,838,207,824,473,871,519,710,202,700,784,716,576,775,224,433,680,146,196,286,323,828,772,200,159,544,903,274,480,357,433,768,508,461,567,591,481,152,652,505,684,319,240,935,333,929,862,111,685,464,96,303,694,470,472,226,173,998,82,380,371,57,651,801,853,199,338,754,179,261,763,216,235,776,122,155,232,147,980,175,16,956,414,362,952,303,674,843,472,463,787,274,501,282,338,123,527,848,467
55,825,327,670,120,198,147,528,215,839,314,930,642,161,824,880,902,924,657,847,670,941,563,447,11,494,333,665,178,870,918,546,513,910,806,591,449,120,495,856,655,954,337,274,451,576,198,707,894,791,542,806,760,277,819,252,572,93,108,877,492,676,972,674,533,611,645,910,716,870,716,498,881,783,612,260,478,93,53,983,112,427,96,946,319,387,814,219,316,213,306,118,583,34,511,217,180,771,308,40,106,512,671,182,413,706,705,157,957,509,891,286,492,445,499,635,953,744,286,491,717,777,536,154,437,508,264,298
983,371,976,613,956,599,795,412,155,290,160,409,98,10,964,204,882,797,80,502,265,722,303,932,400,276,403,99,309,452,585,879,831,280,66,28,446,390,969,296,168,990,788,542,850,668,967,513,720,670,641,887,607,634,613,33,232,585,176,964,731,59,506,545,399,805,124,504,910,299,375,108,399,672,661,571,194,553,238,349,767,389,109,474,553,766,527,416,691,423,604,490,959,501,444,392,845,10,826,129,978,69,970,621,983,146,955,389,266,458,702,97,272,327,753,573,916,513,169,907,44,701,140,322,48,600,723,525
398,544,302,5,302,6,769,419,887,195,761,261,905,887,791,597,567,856,294,26,509,214,126,48,267,117,473,67,795,397,461,698,331,141,328,137,270,314,414,205,512,405,326,732,981,306,190,571,707,43,69,873,447,579,211,189,660,65,360,436,870,483,841,141,817,689,176,319,175,13,378,546,306,904,982,484,833,595,243,578,380,732,32,394,385,87,853,370,505,425,663,753,583,322,861,758,829,727,725,479,626,851,394,683,925,457,583,194,787,675,947,41,696,892,741,504,371,917,415,541,658,39,180,308,70,350,129,968
289,435,576,291,272,795,630,771,481,666,202,659,558,721,425,715,460,149,761,187,911,102,410,673,376,367,295,145,68,778,88,849,610,49,627,324,443,934,307,595,535,844,777,612,411,247,895,123,415,353,606,351,532,583,331,951,696,35,652,729,585,55,275,78,277,545,753,626,282,593,388,380,253,52,877,452,295,374,66,284,754,640,327,586,570,691,903,220,126,666,951,944,79,430,447,506,163,451,225,949,194,737,430,966,399,255,835,905,634,705,808,17,839,777,180,689,682,425,56,600,975,975,296,364,130,587,806,653
589,524,859,475,673,195,479,553,922,130,399,864,762,38,639,14,814,848,892,504,905,422,941,17,957,301,920,888,655,386,204,616,788,30,351,715,2,674,199,893,377,222,672,657,929,516,232,306,408,82,484,545,217,63,272,616,197,379,753,902,926,181,900,400,61,181,301,322,998,688,519,969,299,613,998,338,747,688,436,579,211,616,425,598,273,585,268,677,501,134,604,143,792,403,768,636,914,61,310,875,521,623,2,638,777,502,681,132,615,306,866,953,690,702,191,905,374,801,489,375,596,674,826,572,977,720,664,612
501,937,33,122,419,476,994,461,249,536,847,712,161,201,653,221,303,954,574,728,872,83,488,441,250,34,136,277,439,830,852,693,809,261,889,357,576,986,267,113,871,443,134,467,952,346,884,698,335,776,384,850,385,520,713,214,60,305,294,811,575,498,378,0,330,735,681,483,542,508,280,421,798,838,653,842,501,905,344,957,394,698,852,962,960,219,676,866,805,273,211,706,912,55,112,375,626,555,412,931,285,513,383,860,585,89,853,813,598,71,632,226,404,480,163,879,112,424,278,218,152,776,277,251,421,910,20,937
595,693,650,850,731,717,971,401,160,185,233,202,632,796,214,552,883,193,963,863,621,280,121,261,572,445,165,67,410,665,70,769,886,852,55,527,903,487,384,208,26,97,947,612,472,813,536,220,442,994,72,379,974,0,399,74,110,666,940,357,888,473,866,929,59,870,435,209,379,453,353,50,983,374,591,144,786,250,760,630,253,385,490,376,595,960,664,115,542,572,82,690,228,821,37,206,885,244,716,790,752,233,631,918,823,933,391,426,622,524,244,847,856,560,42,69,777,575,801,707,991,462,945,699,213,410,165,695
90,733,593,284,282,1,436,675,420,554,878,590,405,437,767,351,542,820,319,709,825,459,721,268,363,303,356,538,147,699,207,135,184,527,487,186,487,911,311,765,751,683,932,451,916,167,731,940,701,778,579,274,131,422,80,577,953,574,830,398,200,98,261,803,82,398,474,761,173,262,194,218,739,945,933,929,791,623,412,507,62,660,926,410,250,658,971,800,226,627,262,648,33,301,194,965,536,989,338,117,700,892,417,785,938,588,613,217,731,272,212,212,46,550,676,573,763,299,890,800,67,778,765,52,300,322,345,588
744,66,742,409,46,947,190,8,856,868,561,635,355,528,772,944,834,181,57,116,697,120,304,628,703,62,920,500,644,331,980,17,510,754,965,583,978,321,968,876,322,53,719,704,906,347,44,483,454,127,333,16,814,252,230,62,90,29,425,641,350,662,745,280,452,607,864,167,15,604,48,299,777,599,669,590,168,327,579,872,879,910,696,726,650,436,548,300,144,852,5,141,695,973,576,811,316,377,230,480,604,531,238,185,627,130,679,563,492,487,198,995,522,12,239,898,111,686,242,803,118,617,737,538,84,472,190,678
538,683,906,732,134,473,633,238,236,324,915,11,302,785,509,828,827,267,292,124,901,706,619,794,396,605,352,457,622,653,690,850,926,188,548,175,969,123,812,287,123,456,822,280,49,129,494,337,76,929,218,506,96,10,577,152,857,792,583,990,806,444,192,606,641,805,509,383,970,248,101,781,806,53,358,666,409,112,441,505,531,838,785,568,104,800,615,902,203,323,34,280,896,548,251,34,535,252,90,517,943,946,121,454,734,281,961,215,569,59,369,35,149,148,901,909,622,878,482,59,412,435,690,897,448,554,883,463
213,254,691,691,173,277,723,446,92,349,278,769,467,424,554,21,675,421,328,680,837,996,866,112,823,920,285,680,590,142,482,698,111,926,549,190,418,353,842,160,63,819,125,554,893,653,54,130,631,37,251,680,95,231,883,71,952,346,332,653,214,142,976,462,724,872,838,156,448,690,203,741,56,262,64,883,665,557,967,19,143,866,861,41,554,492,704,107,222,585,733,970,326,470,650,127,277,708,337,470,707,50,212,793,86,897,746,903,978,771,324,286,514,13,957,401,112,772,445,251,214,911,547,609,8,731,87,912
411,731,557,420,981,762,605,9,468,441,167,935,134,103,870,373,32,634,592,598,397,718,929,78,712,820,145,387,533,852,638,869,568,841,292,155,632,355,488,682,838,795,428,630,647,986,919,134,195,414,209,655,832,744,368,178,669,487,625,586,853,920,372,425,173,902,534,2,177,975,476,581,33,255,180,859,722,850,102,164,248,889,377,964,349,468,196,465,267,393,162,647,805,483,941,600,985,397,245,486,422,936,380,543,913,22,542,558,785,504,400,345,322,310,175,326,60,798,986,343,99,447,852,367,709,215,329,891
338,182,30,767,812,686,324,957,560,396,624,725,170,853,357,578,63,571,315,388,492,323,672,141,228,383,973,485,819,868,857,266,949,521,741,471,941,261,470,616,351,562,764,933,266,765,8,672,87,377,746,779,186,201,579,744,292,226,299,328,452,303,630,185,743,338,511,48,181,312,892,536,487,574,105,31,960,776,249,942,263,395,409,399,901,191,72,603,704,377,672,806,462,368,501,825,76,37,629,236,23,15,519,167,804,866,893,937,328,905,695,795,782,375,881,527,943,319,19,716,199,356,755,754,568,464,358,763
414,71,83,76,179,198,501,354,886,395,65,586,783,662,876,16,168,510,407,42,849,898,241,138,417,91,982,511,537,470,931,151,572,274,110,336,353,961,179,869,398,136,500,290,671,498,215,208,67,836,608,545,879,602,824,282,749,887,430,348,131,615,250,13,621,413,196,773,262,260,780,69,427,427,463,930,252,136,81,62,455,810,820,858,736,491,274,334,742,634,704,488,449,367,607,127,741,363,409,373,983,3,460,823,119,199,430,647,982,278,364,810,390,199,700,502,825,508,80,563,843,537,636,654,3,573,609,363
518,141,319,892,34,174,293,435,797,729,528,537,656,289,84,77,380,55,153,699,100,461,689,649,645,731,324,914,640,267,438,69,659,527,811,850,435,312,448,806,363,481,44,159,610,80,321,162,703,328,889,143,582,340,147,867,430,801,448,489,242,786,299,880,348,209,996,458,690,710,442,103,467,835,0,56,404,600,676,333,8,656,409,148,227,961,993,506,588,10,787,761,193,266,826,37,631,601,502,368,264,326,244,24,493,501,375,274,852,279,216,489,178,661,418,554,215,56,805,628,774,95,94,143,387,535,566,77
291,385,494,270,308,470,604,935,847,76,581,590,964,898,264,235,720,706,998,734,10,996,735,218,924,933,679,471,430,342,238,981,287,640,705,533,615,306,321,474,57,237,228,884,921,922,878,623,612,814,904,206,323,719,451,421,900,904,170,901,737,899,826,843,500,491,190,257,588,949,551,144,934,781,132,542,54,187,439,385,245,516,528,581,975,556,255,780,221,946,91,943,371,504,633,2,123,112,222,772,875,776,437,886,997,396,492,374,944,25,81,295,269,889,306,560,941,393,29,542,885,253,191,938,198,44,357,330
797,330,832,270,559,425,157,725,248,544,657,845,39,750,655,660,501,8,928,851,210,498,904,379,525,635,261,661,922,47,570,399,452,709,199,78,978,821,646,842,653,785,953,839,230,763,754,584,170,172,521,260,751,226,791,26,420,885,133,980,222,425,598,899,269,388,480,770,157,511,864,114,360,555,684,788,251,540,191,77,53,159,216,929,401,751,474,379,915,784,770,55,12,975,376,754,520,92,760,349,753,215,159,933,123,438,264,3,227,537,479,802,915,140,211,626,5,942,293,280,744,699,353,831,175,935,518,636
259,577,522,660,502,830,717,449,380,943,850,846,253,605,657,301,835,101,531,919,154,919,523,233,721,337,533,16,876,27,596,699,28,830,512,916,214,652,603,122,434,323,626,205,157,860,537,833,735,356,768,203,757,959,993,59,427,19,61,33,523,650,534,794,24,170,75,413,690,477,680,423,316,645,845,891,434,841,685,751,815,760,917,643,658,804,95,505,680,8,218,495,343,739,543,823,256,897,270,343,560,846,996,791,547,620,932,901,801,229,334,388,248,144,673,780,520,57,351,912,420,319,990,847,232,963,320,348
72,818,449,365,156,126,163,572,293,905,134,289,946,742,859,459,59,512,364,980,923,498,198,255,376,300,552,547,614,37,210,101,557,459,464,959,998,895,535,814,612,782,561,866,825,435,102,803,53,516,887,756,783,347,623,206,303,823,123,901,646,851,381,851,713,36,521,564,503,104,167,592,817,434,533,159,837,215,295,897,289,952,757,14,493,151,520,401,36,513,176,120,926,537,486,834,445,184,991,183,614,880,585,852,758,374,265,971,415,936,216,773,90,56,849,43,74,543,363,505,209,388,632,296,935,670,906,709
350,78,335,115,279,986,381,919,994,748,627,456,711,596,561,498,699,261,143,557,102,800,252,417,644,646,81,938,872,20,387,318,594,563,630,480,898,407,639,622,248,652,545,385,665,139,624,609,865,470,375,280,87,481,665,839,135,173,991,892,731,413,779,707,83,321,201,369,908,546,547,567,825,846,366,250,177,747,125,65,575,634,142,127,393,600,758,161,621,24,758,460,647,3,348,533,21,734,123,781,619,173,503,967,133,853,844,681,355,955,856,907,165,663,727,563,233,182,239,57,285,467,147,547,47,484,953,500
6,136,241,951,143,51,934,544,612,937,235,70,237,126,630,573,698,443,501,952,906,770,948,593,944,86,976,162,949,703,315,141,148,959,644,698,423,174,245,442,662,871,861,844,578,355,210,996,947,491,283,246,496,603,224,35,651,538,434,22,182,987,155,170,242,201,882,751,782,720,854,565,669,571,144,829,292,766,147,647,311,593,346,583,516,798,750,705,842,327,630,162,397,431,991,602,91,475,372,648,113,256,517,597,699,679,268,867,263,644,650,513,733,123,407,392,937,171,203,334,977,620,548,596,666,277,43,73
156,63,353,883,773,238,405,400,810,818,783,546,371,65,397,364,158,18,780,222,981,742,811,936,78,760,839,315,308,168,357,487,488,666,978,552,574,49,745,798,273,514,971,565,616,679,832,166,466,437,904,59,421,124,810,952,282,193,263,149,554,828,302,431,414,635,728,862,683,511,98,321,834,606,558,787,370,615,71,88,944,859,718,383,907,166,13,313,550,139,819,664,545,258,228,858,623,630,546,785,608,504,582,701,80,682,947,50,206,897,948,541,947,93,502,879,342,944,41,379,698,97,996,985,107,508,557,11
511,530,326,102,894,383,971,710,201,396,83,433,647,39,379,67,844,27,232,932,802,282,182,342,708,892,406,387,610,967,256,554,351,999,31,771,8,400,878,744,566,740,932,700,382,326,231,3,772,322,899,711,730,584,621,2,225,515,484,764,279,803,852,328,904,964,783,890,157,369,644,79,535,365,399,685,434,921,595,555,34,467,215,447,475,20,703,247,146,577,328,930,150,124,83,280,632,645,601,424,455,396,504,555,880,205,56,742,26,557,632,807,849,370,425,242,150,677,880,52,728,20,675,535,856,163,437,521
761,689,495,328,328,525,110,4,745,571,503,272,518,716,409,596,389,200,371,211,172,785,44,684,739,472,130,73,176,906,318,941,919,190,650,104,290,551,675,794,390,852,173,316,155,91,79,891,146,658,425,906,458,985,617,174,386,445,635,939,234,285,780,342,909,78,426,748,277,365,514,46,907,995,47,187,260,367,813,814,731,622,169,995,264,492,238,27,349,657,20,905,164,932,855,801,923,475,684,39,47,548,469,563,309,246,572,69,453,865,132,458,793,147,824,476,892,235,912,116,630,647,616,27,651,696,652,735
899,947,869,367,259,876,558,84,915,52,242,186,177,388,156,814,711,482,735,811,615,273,742,88,243,252,735,546,245,652,527,351,671,322,888,976,898,785,638,16,239,711,527,952,421,537,727,174,823,551,917,212,836,875,276,90,749,442,681,843,45,744,381,978,387,147,652,732,994,699,440,517,555,802,458,657,447,510,412,729,180,910,627,574,135,986,280,742,402,333,742,239,501,931,543,835,622,842,257,964,952,821,850,513,565,17,395,982,780,875,840,342,713,99,994,963,460,379,791,917,836,601,708,886,328,409,370,353
69,825,66,185,231,465,44,311,167,290,543,426,563,245,798,477,171,481,605,747,924,529,141,475,971,95,828,310,779,998,340,892,464,251,445,542,882,631,720,114,760,72,919,686,898,855,786,660,342,144,573,120,423,496,509,331,737,556,653,306,877,719,211,525,620,400,438,5,212,715,238,237,736,456,88,909,21,781,493,433,818,52,286,306,50,923,758,923,621,869,493,951,193,528,45,465,39,339,8,578,872,81,349,20,598,538,619,379,699,394,195,994,402,481,221,922,473,65,250,560,765,844,740,355,288,15,406,10
524,311,64,283,244,532,353,532,951,272,94,496,92,957,8,814,430,289,576,502,571,441,52,375,283,277,910,300,129,353,914,552,227,103,428,140,32,385,986,29,175,697,633,665,350,126,667,934,807,999,854,253,164,113,89,656,751,9,509,430,42,207,317,95,260,667,811,588,305,413,475,316,871,858,41,436,900,890,592,202,918,123,994,271,580,863,800,59,958,1,977,476,513,845,291,460,568,199,426,225,317,587,568,41,34,498,314,945,703,316,963,678,720,537,32,360,321,627,66,844,116,902,973,29,123,630,855,381
202,737,709,244,529,781,612,891,446,801,352,316,679,115,39,595,415,948,687,219,597,933,0,896,663,31,665,686,300,90,830,558,287,207,436,321,521,755,140,156,102,268,939,245,612,127,412,385,445,965,979,320,707,128,813,94,963,970,246,327,559,201,760,885,256,292,725,722,915,644,722,237,551,505,853,398,203,803,995,209,626,164,747,535,162,185,613,889,460,807,650,222,58,647,466,385,498,884,635,911,149,799,175,744,29,449,835,302,419,699,726,361,138,533,658,511,706,81,594,535,309,116,406,718,877,272,129,43
843,2,575,440,846,367,307,965,756,403,144,815,935,979,98,496,348,288,573,733,62,810,203,830,299,328,642,186,559,156,558,804,930,829,140,669,68,752,490,722,412,294,794,575,526,51,413,201,631,183,5,975,582,959,783,108,871,794,517,984,292,590,299,864,525,711,721,604,860,68,321,190,6,902,899,945,975,23,517,243,985,483,383,900,934,936,335,53,227,103,362,324,985,722,409,531,614,732,900,304,900,414,319,49,740,308,541,70,207,587,177,53,551,719,255,631,895,12,919,808,324,900,71,423,71,957,906,921
430,927,174,394,338,460,51,434,945,466,238,857,197,454,72,31,796,655,686,666,906,413,700,617,802,833,564,129,573,768,303,988,36,704,19,191,970,889,194,393,609,463,132,842,173,465,148,271,221,417,574,625,713,41,153,658,361,235,403,623,199,30,639,706,856,605,475,865,794,336,881,945,123,441,780,686,404,88,636,182,172,731,396,484,419,386,796,423,260,305,104,404,290,906,303,829,731,540,91,45,462,607,294,58,963,948,396,650,618,522,648,715,509,164,751,134,601,876,93,822,482,965,463,333,250,721,843,347
331,192,159,807,939,573,246,242,516,966,823,453,523,689,150,674,140,301,508,331,79,860,934,285,750,706,754,101,178,585,764,414,244,967,781,213,548,972,44,889,388,162,41,808,867,3,879,103,522,713,629,380,699,749,929,754,493,308,596,983,167,372,627,29,764,910,557,503,459,992,757,496,376,242,459,661,409,214,739,701,954,727,254,657,910,519,330,581,662,313,62,157,101,530,30,947,937,380,210,70,132,273,835,510,23,219,111,793,238,240,213,940,823,310,328,569,264,551,21,227,363,190,987,618,295,723,195,655
785,663,17,849,389,19,707,834,100,989,136,922,713,646,261,733,927,790,531,602,794,529,807,801,625,813,958,827,451,457,480,571,295,933,302,81,795,698,740,23,35,958,199,92,658,811,184,864,298,55,76,146,532,782,875,907,78,260,164,629,402,937,683,230,91,571,507,108,962,837,499,824,554,20,651,284,865,358,888,334,591,231,402,635,795,270,661,905,943,289,713,414,49,991,777,315,561,143,377,76,157,671,286,420,365,645,572,582,171,533,192,596,59,194,292,634,247,245,869,804,100,67,249,452,773,57,231,844
682,781,928,116,631,587,76,291,701,495,447,988,198,792,341,101,459,804,43,185,259,601,845,79,430,777,546,980,729,769,344,775,143,816,906,533,628,496,697,71,843,791,849,763,770,819,751,561,60,729,29,209,962,209,247,215,865,813,731,523,401,890,927,68,905,920,910,321,157,311,666,393,922,901,703,550,873,100,381,39,278,860,280,676,136,169,623,385,139,230,111,884,912,137,391,473,839,568,350,700,369,113,917,137,434,358,844,916,52,796,722,753,658,241,610,432,918,574,713,481,847,980,327,209,164,599,53,931
60,199,665,186,872,143,696,230,165,238,395,739,240,159,656,174,440,339,582,650,750,55,56,344,558,108,937,951,831,368,516,958,543,226,949,499,642,297,414,249,99,508,341,877,664,435,773,335,139,230,578,279,210,135,455,968,154,943,448,18,918,987,400,556,216,734,794,949,262,791,35,638,857,897,687,231,627,163,696,337,880,306,940,958,908,539,226,937,67,116,29,53,551,181,180,201,282,48,561,567,198,396,815,721,121,330,152,146,834,75,443,240,509,421,473,326,738,472,618,778,498,14,615,936,629,297,606,900
72,466,576,296,718,2,762,518,155,757,360,463,859,407,866,690,408,350,648,168,338,903,151,204,320,874,365,744,670,254,836,653,318,969,713,44,288,997,351,442,790,283,308,760,991,39,991,920,690,493,700,29,151,790,4,448,509,494,936,211,577,542,200,266,27,826,924,5,439,744,482,906,690,951,997,638,313,371,912,902,285,971,332,543,554,837,168,656,746,122,375,245,441,90,277,976,985,307,526,314,735,600,590,345,98,906,246,273,729,680,926,724,364,240,150,557,633,452,822,221,122,154,148,901,607,535,549,503
290,394,872,724,113,894,224,293,792,27,224,20,714,823,290,688,918,228,317,352,716,997,645,690,548,259,816,497,244,130,518,279,383,405,360,591,975,924,312,997,46,249,936,794,395,151,121,927,656,529,990,990,475,54,919,124,833,669,137,560,331,319,723,450,246,357,69,286,502,806,41,767,978,183,13,469,969,830,833,466,904,126,704,630,581,37,211,597,35,598,48,786,604,440,651,590,599,515,822,926,327,455,267,725,703,216,302,955,70,798,76,485,219,340,721,494,148,741,936,879,264,487,589,442,262,983,394,73
556,976,252,548,844,967,353,826,383,314,473,350,480,890,107,483,234,792,914,127,446,561,502,36,65,336,446,392,308,566,397,88,717,507,758,914,526,952,629,346,805,724,341,44,842,989,404,405,213,111,736,111,609,977,671,117,254,56,926,842,243,369,511,87,766,403,416,977,981,755,571,500,611,442,679,397,746,917,33,185,581,876,445,285,294,215,56,591,331,726,325,198,441,624,962,985,692,657,517,832,150,445,609,149,903,374,211,883,565,693,537,24,121,291,122,181,597,678,776,138,218,635,994,199,503,769,502,800
946,472,798,629,328,565,730,96,261,199,182,560,257,143,527,807,820,400,381,229,365,832,392,581,551,917,998,482,21,420,533,424,889,258,296,274,483,375,407,627,43,425,943,897,727,129,565,293,570,228,600,628,287,118,957,726,164,713,818,658,103,334,356,890,818,548,720,30,567,893,181,526,98,626,700,895,861,328,148,472,463,902,925,427,210,471,674,598,847,905,136,766,276,46,936,526,295,449,890,566,123,508,884,267,110,690,167,539,572,687,338,211,636,920,728,955,93,624,924,583,864,137,612,864,926,706,793,789
269,932,0,309,368,927,110,804,210,78,514,953,768,18,141,606,939,284,192,126,635,590,624,898,131,410,888,529,567,711,899,505,494,385,599,598,228,679,554,742,271,359,727,944,776,885,84,692,624,177,619,949,196,691,2,890,84,582,418,758,453,215,661,461,646,936,400,829,730,176,316,298,449,412,185,812,383,655,22,334,439,647,94,830,823,129,436,449,602,64,32,992,864,450,478,245,491,143,254,457,372,382,44,334,788,552,0,744,821,954,352,399,995,538,156,19,661,635,616,253,324,424,12,146,667,33,69,354
965,800,490,577,592,116,797,666,499,511,923,451,87,943,72,572,495,813,629,209,861,759,340,851,10,380,926,186,640,278,920,122,770,33,899,187,869,299,525,788,259,465,597,53,280,716,409,394,399,266,319,623,938,393,231,73,638,82,277,907,150,833,717,765,131,116,291,142,218,833,746,563,606,516,808,115,192,343,336,466,758,492,608,918,85,869,608,314,855,382,517,362,456,631,104,310,123,993,169,87,558,912,625,715,436,782,487,117,90,667,66,123,382,800,61,379,335,446,437,243,118,675,649,910,100,725,575,10
759,964,800,146,549,114,845,702,332,508,649,113,438,978,774,502,894,515,173,947,749,462,201,735,935,804,630,265,482,44,989,543,47,530,402,325,438,368,198,636,732,199,180,982,22,858,687,962,566,512,568,360,900,152,883,114,29,364,861,260,393,314,568,85,99,717,402,459,659,999,35,705,180,435,902,487,333,372,617,552,134,253,778,551,925,358,650,349,106,202,194,791,188,982,853,662,548,948,783,383,266,164,985,865,107,714,215,612,359,925,306,74,232,479,818,284,958,191,692,448,355,171,815,289,905,816,394,546
573,411,384,888,860,134,199,855,589,780,184,529,968,675,494,684,290,528,803,725,407,846,461,848,308,373,396,286,332,989,653,842,565,149,874,133,693,19,280,739,913,776,947,514,287,224,765,904,976,419,5,160,257,486,234,538,805,988,473,712,544,210,123,861,482,544,222,589,663,558,942,32,581,302,496,369,855,278,449,4,502,970,440,788,396,544,215,278,949,592,86,27,792,929,920,777,759,169,150,725,787,355,569,755,235,32,904,732,37,941,291,311,213,551,816,893,898,760,980,607,886,422,911,491,606,235,82,441
376,557,238,106,893,920,503,797,785,871,335,5,26,878,396,120,376,30,801,926,901,178,17,18,412,476,679,453,114,625,482,845,719,244,495,720,152,567,696,940,953,3,838,234,902,489,793,861,236,609,220,875,185,122,168,709,798,782,358,152,117,22,561,767,143,220,100,624,574,122,596,686,671,517,815,121,788,610,19,574,81,824,292,958,380,503,764,422,759,745,573,115,354,823,411,591,797,872,991,91,21,551,828,248,467,755,274,753,95,490,804,172,510,871,878,592,355,803,717,5,578,289,660,556,108,77,403,58
392,654,225,236,494,236,880,118,142,760,646,619,866,176,498,203,57,817,677,104,676,353,215,800,182,260,256,484,782,900,45,361,0,152,164,856,770,930,320,863,59,255,374,32,266,651,45,807,145,459,957,815,281,467,382,546,989,845,830,771,535,879,719,677,285,199,731,252,383,482,11,627,808,256,468,556,399,949,34,113,76,169,947,411,767,570,127,529,205,851,14,555,607,999,310,214,928,418,610,399,917,167,91,328,193,27,711,826,989,728,261,947,926,990,529,998,176,145,193,986,22,279,142,241,233,663,949,414
564,894,933,531,170,910,731,200,42,936,583,830,990,912,815,54,637,419,513,377,150,489,858,384,587,18,892,197,781,577,300,965,38,48,335,816,111,457,559,485,169,721,635,683,250,359,599,483,835,559,664,393,223,61,339,589,451,506,839,488,540,847,758,663,585,446,215,252,520,538,528,552,207,254,531,707,501,789,309,136,956,673,906,395,448,384,354,992,675,450,662,666,275,698,608,973,288,120,779,816,595,300,451,885,339,505,492,968,121,576,496,936,869,298,66,942,498,875,705,551,171,667,269,867,743,587,530,525
554,813,780,544,290,205,582,220,840,244,365,515,300,203,886,525,697,694,516,923,267,26,782,192,814,886,582,676,350,757,160,740,30,744,121,904,660,469,951,486,242,725,766,816,588,702,769,916,766,598,986,194,377,471,211,510,900,774,299,824,707,194,929,514,927,433,311,868,19,314,645,596,410,526,279,27,64,320,364,719,935,231,825,519,133,836,730,616,152,558,646,480,109,939,569,726,426,982,558,772,114,62,690,760,825,162,283,351,72,433,333,641,326,474,371,798,910,764,374,128,446,154,976,235,329,862,136,511
20,571,397,453,743,935,526,844,826,947,882,389,829,47,217,15,962,561,573,631,541,335,978,242,623,921,530,322,93,761,561,174,381,93,64,544,476,830,302,366,164,371,887,321,790,939,401,778,316,783,856,768,770,830,100,31,898,249,366,439,555,498,46,620,758,712,336,303,460,718,15,964,393,387,633,352,685,512,734,928,285,351,150,790,949,578,545,42,362,168,872,2,846,142,180,50,752,901,923,516,236,356,421,690,42,381,832,694,428,667,236,360,593,117,434,547,331,178,849,419,310,324,44,567,604,484,76,875
402,548,462,302,47,285,182,787,502,851,29,831,138,977,333,486,435,626,865,681,488,112,108,146,112,190,232,401,210,724,208,931,476,897,413,776,199,250,911,189,83,812,422,765,277,605,293,859,86,520,746,911,447,978,224,67,34,300,54,299,822,214,879,249,896,219,415,238,970,251,580,857,519,490,550,272,350,398,853,386,662,34,433,621,418,580,365,122,876,218,905,952,305,274,58,980,791,892,505,611,466,299,553,312,640,155,148,367,184,831,448,0,645,159,193,375,12,360,412,458,715,678,393,284,459,202,483,437
205,642,73,580,273,162,718,280,784,62,147,94,383,60,329,116,389,654,806,76,979,23,878,600,714,852,662,789,183,158,159,455,588,479,848,890,627,47,195,996,730,664,964,178,29,363,482,857,134,282,659,908,28,488,159,585,694,434,894,437,176,493,916,753,68,92,6,118,103,550,427,765,452,277,437,52,507,544,395,967,433,901,930,881,284,959,83,476,458,368,255,588,757,927,762,204,736,687,731,461,253,685,669,490,198,871,674,255,433,748,535,909,648,473,485,518,337,968,888,533,468,847,314,751,840,932,608,147
961,509,945,15,990,968,478,665,513,841,445,517,416,594,268,666,197,233,651,828,13,930,223,425,487,954,663,291,83,910,319,509,355,228,593,54,674,941,317,561,676,563,483,213,74,788,907,548,58,738,121,181,629,664,194,494,105,797,530,286,179,417,485,211,15,983,89,728,857,512,414,232,828,53,314,906,139,821,371,298,539,844,310,488,580,21,47,156,411,393,289,273,146,707,587,721,892,116,290,414,904,82,462,604,633,696,427,667,612,453,640,209,786,552,19,380,470,730,764,106,296,530,913,80,991,126,307,638
102,200,132,477,287,581,598,371,584,575,443,761,673,394,60,494,162,118,242,49,29,65,963,868,803,430,884,535,300,119,63,302,385,808,439,777,20,735,558,143,319,760,755,294,954,166,227,824,197,605,157,145,721,428,668,754,703,534,354,722,853,473,444,404,496,610,484,309,557,272,335,114,393,579,567,439,395,571,592,301,893,169,468,746,419,160,145,885,941,487,542,762,919,28,641,542,203,336,150,202,47,295,239,901,369,851,914,359,296,718,505,929,948,594,216,317,367,596,483,366,123,671,175,886,216,101,978,159
395,86,156,83,968,849,240,193,878,814,878,330,854,864,535,810,717,279,623,490,172,303,563,954,691,993,982,371,692,178,703,289,966,996,255,924,831,443,414,214,715,533,451,427,374,276,117,869,15,154,926,916,291,545,219,740,475,342,646,152,406,939,367,541,853,347,698,661,677,449,473,290,776,892,264,74,900,621,656,468,222,795,899,262,105,232,264,878,431,338,555,118,326,135,396,573,823,159,274,651,8,530,21,275,123,107,691,371,858,404,331,306,899,736,79,225,586,718,581,409,851,380,85,908,201,764,835,50
464,184,137,221,262,404,363,940,862,670,251,558,99,395,738,817,810,653,843,458,201,290,556,315,284,87,993,516,791,993,518,942,494,890,664,162,552,135,495,54,31,337,136,834,127,747,280,43,180,403,875,963,539,62,421,412,181,262,349,42,14,128,970,533,371,233,383,753,497,947,860,340,65,154,313,939,511,761,611,785,636,407,892,67,909,673,273,721,859,154,583,432,440,165,137,621,394,883,843,81,515,646,285,522,462,805,900,508,175,329,293,437,156,661,477,458,798,608,577,519,966,80,392,481,825,217,277,935
198,870,246,831,849,452,479,770,139,730,833,846,869,74,336,924,174,117,970,549,97,873,415,623,514,669,344,437,604,844,897,525,860,190,592,425,843,605,236,161,150,846,508,554,345,618,765,703,491,703,38,54,474,765,56,174,324,184,224,772,905,579,91,751,107,825,269,267,730,199,641,419,567,451,256,370,376,554,988,911,910,277,663,731,568,76,698,197,382,330,356,830,573,57,224,812,200,370,637,423,753,482,153,62,218,239,683,349,343,242,45,158,476,548,263,295,562,911,253,741,294,871,699,756,855,818,322,391
323,756,585,167,464,853,524,299,903,40,688,276,285,567,497,544,512,942,199,618,894,637,581,836,434,372,194,735,702,138,397,210,275,2,150,262,700,53,99,598,246,175,270,315,761,298,220,717,744,180,350,834,462,647,65,611,156,792,631,418,430,186,477,179,615,450,963,825,850,64,415,132,102,803,582,606,177,190,312,986,760,472,766,908,498,549,200,603,217,208,615,503,817,423,29,811,890,601,234,194,692,724,860,391,916,58,138,247,983,766,587,303,284,679,475,311,293,236,685,741,735,993,75,715,319,126,424,999
883,19,96,920,404,514,626,10,162,748,510,291,576,191,875,99,443,676,977,944,560,922,486,149,22,668,346,325,961,345,584,177,115,7,899,289,584,852,154,61,991,617,788,212,213,216,743,218,516,673,442,714,312,139,874,592,485,187,487,792,793,237,668,929,828,173,63,411,27,582,10,446,345,217,559,937,606,253,97,29,255,481,802,823,867,677,482,790,335,895,295,217,66,321,604,999,150,497,139,894,373,793,446,424,4,111,130,897,90,102,981,578,330,426,239,449,891,633,376,102,620,54,133,893,211,975,518,825
231,944,125,976,874,548,985,853,368,772,558,78,430,673,2,769,181,838,132,827,461,667,979,547,910,446,260,198,940,357,599,617,33,377,569,767,196,662,757,699,707,511,611,730,927,929,211,640,803,624,190,270,771,109,382,636,631,514,573,339,424,507,189,81,550,875,819,338,654,217,849,362,706,409,408,1,540,161,730,96,463,170,431,911,333,809,313,434,497,462,935,85,953,634,352,144,146,799,804,479,405,991,982,424,315,407,644,329,881,814,383,215,875,584,923,417,58,601,219,11,278,919,364,894,750,827,841,226
251,684,293,899,572,300,701,193,797,699,552,745,476,472,689,478,145,341,818,217,315,454,880,302,656,953,450,598,304,941,205,283,454,596,247,3,736,992,268,486,836,474,891,456,124,525,781,532,679,219,277,452,335,971,381,868,660,935,390,695,789,253,671,873,450,396,929,753,712,586,862,221,853,849,44,654,541,370,15,112,709,26,971,303,996,878,226,552,705,129,735,91,649,577,494,131,21,586,209,725,15,43,668,670,994,662,593,949,561,235,5,249,21,605,567,48,354,66,44,227,575,559,194,363,539,808,297,769
923,1,557,281,393,198,651,70,677,429,568,30,439,487,397,887,539,221,112,731,770,274,613,985,742,463,346,194,404,501,741,190,320,171,225,392,778,532,420,171,202,245,231,679,55,148,90,522,727,996,719,701,361,565,481,182,268,2,18,941,671,574,752,372,637,698,213,105,18,442,175,941,683,8,103,141,470,851,632,210,890,183,620,708,99,458,387,793,652,856,356,54,789,632,366,936,491,835,400,573,811,137,486,665,323,991,979,18,728,217,999,209,118,135,773,401,963,888,522,510,697,490,224,961,520,14,962,972
747,257,92,373,995,612,542,102,692,986,576,692,939,48,854,802,41,416,855,956,343,219,694,794,952,437,473,958,966,291,505,943,10,141,278,200,988,973,843,410,538,755,762,487,581,930,494,181,254,899,400,46,483,811,501,279,192,345,701,414,75,601,164,753,85,445,703,586,86,787,197,865,711,912,441,669,976,906,668,319,663,110,910,893,620,434,545,309,629,958,131,408,603,10,380,691,791,60,650,398,714,971,773,841,410,110,761,544,557,550,464,299,550,268,382,962,706,841,707,388,298,302,587,119,352,798,666,292
560,649,941,824,587,395,468,566,171,802,26,796,151,711,902,383,898,386,829,427,469,593,953,733,922,377,940,182,668,679,705,829,279,631,733,919,715,787,594,54,320,489,249,323,577,998,850,986,760,681,568,902,91,290,752,657,363,806,165,576,942,811,571,712,243,153,491,586,895,610,649,384,695,309,36,909,196,334,206,489,736,184,399,417,119,671,938,380,781,951,527,588,497,391,611,344,242,922,943,94,10,436,727,643,282,774,282,631,973,136,602,925,453,851,584,406,780,261,177,996,483,590,285,378,168,435,529,801
1,892,77,58,449,332,984,642,472,669,33,378,563,629,450,979,523,120,87,316,118,490,588,574,371,861,288,256,772,555,335,742,225,84,516,761,86,954,265,773,972,892,868,217,78,312,874,324,955,464,973,942,178,116,905,12,112,592,858,713,150,739,595,277,990,936,563,710,455,505,82,952,575,636,258,864,21,446,726,837,772,852,35,974,987,862,938,739,393,360,442,153,620,425,122,554,739,88,849,470,71,186,618,526,856,478,301,741,926,475,753,998,276,714,487,341,657,703,888,37,840,333,864,540,567,341,34,35
664,329,673,540,855,140,660,6,857,93,337,633,976,956,187,285,324,898,805,940,307,311,905,444,475,546,563,440,728,157,563,348,156,150,803,692,583,863,747,573,302,819,347,511,745,453,62,847,538,591,432,988,819,276,911,985,927,53,788,52,393,245,448,180,505,441,537,89,552,438,63,931,754,293,802,380,358,572,763,907,606,823,27,287,200,196,732,236,396,865,949,713,941,517,900,999,859,704,321,285,975,34,640,907,642,362,328,471,338,887,348,565,271,389,83,120,861,493,521,568,366,327,220,339,12,69,432,622
672,909,71,314,256,791,326,658,694,814,171,710,783,607,603,139,637,772,811,187,801,150,342,862,408,380,639,88,445,485,39,971,372,180,129,967,164,443,739,214,11,845,326,89,979,873,217,823,893,777,307,222,579,873,486,558,176,660,516,847,591,603,297,668,704,384,470,82,911,674,359,808,592,825,547,13,389,667,228,591,307,601,783,15,487,879,116,478,129,289,310,960,678,23,247,719,326,85,153,918,59,352,320,121,981,580,523,220,277,215,833,898,375,432,462,617,87,806,730,422,874,468,762,715,712,525,691,862
274,65,177,629,839,900,773,322,280,958,884,339,350,141,287,948,785,107,884,234,895,258,179,122,797,787,275,417,473,82,13,394,869,191,321,558,636,861,60,874,951,11,180,146,235,51,454,660,419,825,810,962,958,243,902,880,630,278,946,648,754,590,263,961,447,113,597,291,649,637,969,53,723,175,276,806,444,958,91,833,909,391,837,99,672,573,505,194,596,157,945,306,628,690,515,248,814,279,138,342,563,562,644,650,142,699,850,832,620,121,270,81,749,898,532,415,984,447,522,906,98,461,135,994,681,934,354,759
832,590,494,308,359,266,289,475,306,659,32,849,439,951,964,909,715,508,944,853,166,320,108,69,679,974,891,631,896,917,791,142,905,21,162,189,453,885,502,995,864,406,206,87,180,625,729,966,508,479,231,30,257,170,561,567,667,19,151,762,751,254,827,898,39,437,699,431,3,830,652,71,188,604,651,897,32,260,707,511,391,920,167,908,764,254,609,101,644,869,235,562,81,802,459,713,826,68,601,988,518,270,211,909,287,977,695,227,364,492,407,342,118,427,481,678,664,694,453,39,626,221,63,713,886,955,161,474
600,483,718,279,243,515,69,278,238,117,740,954,919,375,261,974,116,689,358,128,691,880,66,531,526,750,868,577,393,755,924,301,892,470,398,746,840,613,622,447,650,881,152,223,109,95,352,738,393,117,573,611,690,504,13,435,936,692,759,276,457,250,969,472,11,222,283,134,972,573,530,336,214,594,678,724,606,877,481,968,208,54,572,941,943,978,43,509,131,218,790,599,941,638,107,454,129,278,785,481,21,281,577,510,596,981,776,462,493,221,844,573,936,862,727,242,294,706,358,491,2,30,293,459,262,336,30,456
618,90,609,120,355,388,324,75,47,536,461,850,129,61,891,871,639,57,984,484,313,100,123,370,526,445,935,154,616,832,128,243,708,3,541,952,356,356,936,507,998,427,46,912,136,726,76,521,830,273,522,78,155,229,434,153,780,516,597,271,136,494,553,572,920,757,446,629,532,312,103,866,68,315,465,436,716,329,830,930,404,786,630,357,63,699,489,915,389,257,354,169,449,816,26,638,179,623,191,618,869,887,1,599,901,725,98,686,958,491,414,929,967,210,883,886,764,378,64,617,882,971,578,813,660,466,325,375
770,375,313,80,747,352,97,188,743,545,873,272,346,695,634,637,537,953,761,351,343,812,995,722,410,681,346,694,308,703,516,378,388,510,730,167,860,544,158,369,261,315,510,944,473,476,654,811,772,696,728,173,436,732,137,348,498,7,822,786,596,311,73,53,300,291,761,306,946,672,112,442,413,569,159,225,561,168,577,606,315,241,9,481,657,702,501,752,101,106,137,651,978,772,876,799,256,732,447,131,567,444,106,717,143,605,381,729,609,998,540,171,653,33,891,633,914,387,498,617,796,602,911,744,804,902,992,552
898,68,624,446,526,995,719,275,653,710,399,87,864,274,118,597,868,793,49,679,930,278,230,265,188,734,699,312,821,964,623,34,484,193,639,110,596,387,744,787,484,202,121,737,124,131,848,252,217,793,944,548,2,294,392,852,1,954,817,625,728,408,862,203,659,233,542,183,23,957,622,411,881,228,874,187,343,224,845,222,589,582,658,358,715,224,719,89,44,982,853,643,777,139,762,96,556,423,16,356,422,523,940,102,985,38,527,428,146,692,315,317,282,216,13,791,469,531,974,188,656,60,607,226,683,6,725,293
871,546,757,140,28,713,999,402,178,748,94,544,61,850,813,17,599,284,596,449,147,701,690,769,930,338,962,483,533,175,314,305,157,187,301,947,942,138,283,538,809,426,2,825,611,581,699,225,974,369,657,600,696,336,318,160,842,172,149,486,463,315,958,768,27,615,468,298,973,729,441,607,451,122,522,309,80,132,363,250,917,9,964,286,2,823,147,869,21,690,182,166,752,802,619,691,246,587,457,779,961,425,565,254,978,818,707,886,759,794,110,903,159,822,854,672,209,643,64,310,734,715,55,806,387,346,134,696
523,135,498,678,55,36,809,652,798,825,554,631,404,117,828,214,682,5,371,144,539,734,818,982,599,565,837,70,322,728,752,393,426,391,656,387,96,595,335,266,917,715,705,894,981,951,386,499,567,911,563,93,850,240,964,773,102,628,526,882,777,570,295,310,129,609,119,720,47,469,104,952,627,120,687,675,468,827,40,13,686,159,916,511,24,893,983,327,941,334,753,934,432,867,461,587,494,319,781,141,204,10,50,713,642,356,5,159,760,563,151,743,494,447,250,863,630,983,323,483,134,936,136,901,349,527,877,748
540,53,571,21,459,881,525,29,718,736,461,192,42,121,809,575,249,170,874,86,640,299,222,383,140,994,984,714,297,158,64,483,674,616,947,441,88,919,258,841,332,779,257,222,612,948,802,8,220,366,848,801,918,672,794,870,690,235,799,518,855,829,91,974,634,853,40,718,286,316,637,762,675,373,782,659,842,108,800,379,464,272,996,724,577,13,652,1,375,986,178,31,827,948,387,213,946,295,180,331,487,666,246,969,968,16,638,333,875,277,97,882,270,96,599,855,962,997,436,152,962,472,535,477,622,638,658,640
497,329,671,288,466,154,317,585,789,717,849,354,377,924,171,395,757,637,543,862,398,547,100,502,79,68,72,844,751,647,526,787,431,475,968,143,123,116,691,979,113,881,537,982,49,587,490,320,318,313,107,466,914,402,427,254,997,921,534,303,894,545,25,721,698,980,979,357,748,67,134,550,530,70,887,269,650,451,745,211,749,219,106,17,627,148,386,688,710,484,213,369,363,835,74,221,322,919,422,836,659,942,726,206,638,600,878,365,494,607,172,591,407,648,620,491,784,849,402,7,989,545,449,587,884,726,595,977
437,369,909,798,345,388,966,106,54,194,182,561,737,591,617,465,101,578,715,716,74,896,537,393,716,797,459,38,356,25,651,445,150,373,773,77,856,768,691,897,796,625,773,21,466,752,162,766,212,13,181,394,327,667,802,148,983,277,412,563,896,422,823,288,457,869,891,285,666,831,449,49,366,627,295,298,601,906,501,83,654,208,958,749,487,117,722,315,221,998,578,289,544,913,700,856,909,803,80,489,839,614,294,69,167,453,43,711,970,370,827,565,951,121,604,153,849,145,929,764,456,565,647,123,716,197,453,265
727,616,577,844,232,510,861,809,890,889,848,374,323,620,61,203,971,723,821,659,25,739,360,264,137,692,663,239,103,402,822,509,485,489,15,738,745,174,764,819,581,321,230,421,482,878,750,762,141,81,92,76,92,163,137,786,477,394,651,518,560,771,591,921,37,659,523,28,159,628,480,833,412,333,862,252,311,457,298,872,716,487,257,123,301,337,806,717,260,418,704,62,209,838,759,585,699,758,340,666,312,699,370,846,811,95,47,75,213,217,893,99,105,248,321,93,50,752,459,830,76,873,237,771,111,402,642,549
